<?xml version="1.0" encoding="UTF-8"?>
<feature
      id="org.eclipse.emf.codegen.source"
      label="%featureName"
      version="2.9.0.v20130902-0605"
      provider-name="%providerName">

   <description>
      %description
   </description>

   <copyright url="http://www.eclipse.org/legal/epl-v10.html">
      Copyright (c) 2002-2011 IBM Corporation and others.
All rights reserved.   This program and the accompanying materials
are made available under the terms of the Eclipse Public License v1.0
which accompanies this distribution, and is available at
http://www.eclipse.org/legal/epl-v10.html
   </copyright>

   <license url="%licenseURL">
      %license
   </license>

   <url>
      <update label="%ModelingUpdateSiteName" url="http://www.eclipse.org/modeling/updates/"/>
      <discovery label="%ModelingUpdateSiteName" url="http://www.eclipse.org/modeling/updates/"/>
   </url>

   <plugin
         id="org.eclipse.emf.codegen.source"
         download-size="0"
         install-size="0"
         version="2.9.0.v20130902-0605"
         unpack="false"/>

</feature>
